{
    "name": "root",
    "gauges": {
        "BoatAgent.Policy.Entropy.mean": {
            "value": 1.31846284866333,
            "min": 1.31846284866333,
            "max": 1.3371723890304565,
            "count": 26
        },
        "BoatAgent.Policy.Entropy.sum": {
            "value": 13255.8251953125,
            "min": 11327.65625,
            "max": 13644.4140625,
            "count": 26
        },
        "BoatAgent.Environment.EpisodeLength.mean": {
            "value": 120.13253012048193,
            "min": 116.79069767441861,
            "max": 170.3235294117647,
            "count": 26
        },
        "BoatAgent.Environment.EpisodeLength.sum": {
            "value": 9971.0,
            "min": 8351.0,
            "max": 11582.0,
            "count": 26
        },
        "BoatAgent.Step.mean": {
            "value": 1379930.0,
            "min": 1129963.0,
            "max": 1379930.0,
            "count": 26
        },
        "BoatAgent.Step.sum": {
            "value": 1379930.0,
            "min": 1129963.0,
            "max": 1379930.0,
            "count": 26
        },
        "BoatAgent.Policy.ExtrinsicValueEstimate.mean": {
            "value": 1.0204887390136719,
            "min": 1.0204887390136719,
            "max": 1.3716307878494263,
            "count": 26
        },
        "BoatAgent.Policy.ExtrinsicValueEstimate.sum": {
            "value": 84.7005615234375,
            "min": 72.1492919921875,
            "max": 112.05242919921875,
            "count": 26
        },
        "BoatAgent.Policy.GailValueEstimate.mean": {
            "value": 0.24855893850326538,
            "min": 0.012992069125175476,
            "max": 2.5022735595703125,
            "count": 26
        },
        "BoatAgent.Policy.GailValueEstimate.sum": {
            "value": 20.63039207458496,
            "min": 0.8185003399848938,
            "max": 182.6659698486328,
            "count": 26
        },
        "BoatAgent.Environment.CumulativeReward.mean": {
            "value": 15.179036082991635,
            "min": -5.640427937677928,
            "max": 15.386493509465998,
            "count": 26
        },
        "BoatAgent.Environment.CumulativeReward.sum": {
            "value": 1259.8599948883057,
            "min": -394.829955637455,
            "max": 1319.8700046539307,
            "count": 26
        },
        "BoatAgent.Policy.ExtrinsicReward.mean": {
            "value": 15.179036082991635,
            "min": -5.640427937677928,
            "max": 15.386493509465998,
            "count": 26
        },
        "BoatAgent.Policy.ExtrinsicReward.sum": {
            "value": 1259.8599948883057,
            "min": -394.829955637455,
            "max": 1319.8700046539307,
            "count": 26
        },
        "BoatAgent.Policy.GailReward.mean": {
            "value": 6.688721857875226,
            "min": 6.3545858028323154,
            "max": 86.98068655104865,
            "count": 26
        },
        "BoatAgent.Policy.GailReward.sum": {
            "value": 555.1639142036438,
            "min": 504.8443694114685,
            "max": 5479.783252716064,
            "count": 26
        },
        "BoatAgent.IsTraining.mean": {
            "value": 1.0,
            "min": 1.0,
            "max": 1.0,
            "count": 26
        },
        "BoatAgent.IsTraining.sum": {
            "value": 1.0,
            "min": 1.0,
            "max": 1.0,
            "count": 26
        },
        "BoatAgent.Losses.PolicyLoss.mean": {
            "value": 0.019849715929012746,
            "min": 0.017556291283108295,
            "max": 0.0319476870354265,
            "count": 25
        },
        "BoatAgent.Losses.PolicyLoss.sum": {
            "value": 0.019849715929012746,
            "min": 0.017556291283108295,
            "max": 0.0319476870354265,
            "count": 25
        },
        "BoatAgent.Losses.ValueLoss.mean": {
            "value": 3.2375033020973207,
            "min": 2.6287914991378782,
            "max": 5.642425978183747,
            "count": 25
        },
        "BoatAgent.Losses.ValueLoss.sum": {
            "value": 3.2375033020973207,
            "min": 2.6287914991378782,
            "max": 5.642425978183747,
            "count": 25
        },
        "BoatAgent.Policy.LearningRate.mean": {
            "value": 7.700572299430001e-05,
            "min": 7.700572299430001e-05,
            "max": 8.113260220075e-05,
            "count": 25
        },
        "BoatAgent.Policy.LearningRate.sum": {
            "value": 7.700572299430001e-05,
            "min": 7.700572299430001e-05,
            "max": 8.113260220075e-05,
            "count": 25
        },
        "BoatAgent.Policy.Epsilon.mean": {
            "value": 0.17700570000000002,
            "min": 0.17700570000000002,
            "max": 0.18113258333333335,
            "count": 25
        },
        "BoatAgent.Policy.Epsilon.sum": {
            "value": 0.17700570000000002,
            "min": 0.17700570000000002,
            "max": 0.18113258333333335,
            "count": 25
        },
        "BoatAgent.Policy.Beta.mean": {
            "value": 0.00038732793,
            "min": 0.00038732793,
            "max": 0.0004075496583333334,
            "count": 25
        },
        "BoatAgent.Policy.Beta.sum": {
            "value": 0.00038732793,
            "min": 0.00038732793,
            "max": 0.0004075496583333334,
            "count": 25
        },
        "BoatAgent.Policy.GAILPolicyEstimate.mean": {
            "value": 0.4038239121437073,
            "min": 0.3775458596646786,
            "max": 0.7943776816129684,
            "count": 25
        },
        "BoatAgent.Policy.GAILPolicyEstimate.sum": {
            "value": 0.4038239121437073,
            "min": 0.3775458596646786,
            "max": 0.7943776816129684,
            "count": 25
        },
        "BoatAgent.Policy.GAILExpertEstimate.mean": {
            "value": 0.6082406014204025,
            "min": 0.5646129190921784,
            "max": 0.8350813373923301,
            "count": 25
        },
        "BoatAgent.Policy.GAILExpertEstimate.sum": {
            "value": 0.6082406014204025,
            "min": 0.5646129190921784,
            "max": 0.8350813373923301,
            "count": 25
        },
        "BoatAgent.Losses.GAILLoss.mean": {
            "value": 1.0906913489103318,
            "min": 1.062086597084999,
            "max": 2.4465615481138228,
            "count": 25
        },
        "BoatAgent.Losses.GAILLoss.sum": {
            "value": 1.0906913489103318,
            "min": 1.062086597084999,
            "max": 2.4465615481138228,
            "count": 25
        },
        "BoatAgent.Policy.GAILGradMagLoss.mean": {
            "value": 0.01553998002782464,
            "min": 0.012618767214007676,
            "max": 1.806667212024331,
            "count": 25
        },
        "BoatAgent.Policy.GAILGradMagLoss.sum": {
            "value": 0.01553998002782464,
            "min": 0.012618767214007676,
            "max": 1.806667212024331,
            "count": 25
        },
        "BoatAgent.Losses.PretrainingLoss.mean": {
            "value": 1.2126725514729817,
            "min": 1.1978785792986553,
            "max": 1.2931851744651794,
            "count": 25
        },
        "BoatAgent.Losses.PretrainingLoss.sum": {
            "value": 1.2126725514729817,
            "min": 1.1978785792986553,
            "max": 1.2931851744651794,
            "count": 25
        }
    },
    "metadata": {
        "timer_format_version": "0.1.0",
        "start_time_seconds": "1663420562",
        "python_version": "3.9.13 (tags/v3.9.13:6de2ca5, May 17 2022, 16:36:42) [MSC v.1929 64 bit (AMD64)]",
        "command_line_arguments": "D:\\Projects\\UnityML\\venv\\Scripts\\mlagents-learn config\\configBoat.yaml --run-id=GAILBC --resume",
        "mlagents_version": "0.29.0",
        "mlagents_envs_version": "0.29.0",
        "communication_protocol_version": "1.5.0",