{
    "name": "root",
    "metadata": {
        "timer_format_version": "0.1.0",
        "start_time_seconds": "1663188493",
        "python_version": "3.9.13 (tags/v3.9.13:6de2ca5, May 17 2022, 16:36:42) [MSC v.1929 64 bit (AMD64)]",
        "command_line_arguments": "C:\\Coding\\UnityML\\venv\\Scripts\\mlagents-learn config\\configBoat.yaml --run-id=boatAgent009 --force",
        "mlagents_version": "0.29.0",
        "mlagents_envs_version": "0.29.0",
        "communication_protocol_version": "1.5.0",
        "pytorch_version": "1.7.1+cu110",
        "numpy_version": "1.21.2",
        "end_time_seconds": "1663188550"
    },
    "total": 56.897411399999996,
    "count": 1,
    "self": 0.012594499999991626,
    "children": {
        "run_training.setup": {
            "total": 0.32903959999999977,
            "count": 1,
            "self": 0.32903959999999977
        },
        "TrainerController.start_learning": {
            "total": 56.5557773,
            "count": 1,
            "self": 0.04812780000001027,
            "children": {
                "TrainerController._reset_env": {
                    "total": 7.464007499999999,
                    "count": 1,
                    "self": 7.464007499999999
                },
                "TrainerController.advance": {
                    "total": 48.9205013,
                    "count": 1234,
                    "self": 0.04524720000004123,
                    "children": {
                        "env_step": {
                            "total": 47.87854099999993,
                            "count": 1234,
                            "self": 46.026137499999955,
                            "children": {
                                "SubprocessEnvManager._take_step": {
                                    "total": 1.824608299999971,
                                    "count": 1234,
                                    "self": 0.13664919999997593,
                                    "children": {
                                        "TorchPolicy.evaluate": {
                                            "total": 1.6879590999999952,
                                            "count": 1171,
                                            "self": 0.3494737999999771,
                                            "children": {
                                                "TorchPolicy.sample_actions": {
                                                    "total": 1.338485300000018,
                                                    "count": 1171,
                                                    "self": 1.338485300000018
                                                }
                                            }
                                        }
                                    }
                                },
                                "workers": {
                                    "total": 0.027795200000001685,
                                    "count": 1233,
                                    "self": 0.0,
                                    "children": {
                                        "worker_root": {
                                            "total": 15.982953299999929,
                                            "count": 1233,
                                            "is_parallel": true,
                                            "self": 5.155510099999892,
                                            "children": {
                                                "steps_from_proto": {
                                                    "total": 0.0004827000000000581,
                                                    "count": 1,
                                                    "is_parallel": true,
                                                    "self": 0.00020150000000018764,
                                                    "children": {
                                                        "_process_rank_one_or_two_observation": {
                                                            "total": 0.00028119999999987044,
                                                            "count": 2,
                                                            "is_parallel": true,
                                                            "self": 0.00028119999999987044
                                                        }
                                                    }
                                                },
                                                "UnityEnvironment.step": {
                                                    "total": 10.826960500000036,
                                                    "count": 1233,
                                                    "is_parallel": true,
                                                    "self": 0.20919199999998916,
                                                    "children": {
                                                        "UnityEnvironment._generate_step_input": {
                                                            "total": 0.16179640000003914,
                                                            "count": 1233,
                                                            "is_parallel": true,
                                                            "self": 0.16179640000003914
                                                        },
                                                        "communicator.exchange": {
                                                            "total": 9.881419499999982,
                                                            "count": 1233,
                                                            "is_parallel": true,
                                                            "self": 9.881419499999982
                                                        },
                                                        "steps_from_proto": {
                                                            "total": 0.5745526000000245,
                                                            "count": 1233,
                                                            "is_parallel": true,
                                                            "self": 0.3156926000000633,
                                                            "children": {
                                                                "_process_rank_one_or_two_observation": {
                                                                    "total": 0.25885999999996123,
                                                                    "count": 2466,
                                                                    "is_parallel": true,
                                                                    "self": 0.25885999999996123
                                                                }
                                                            }
                                                        }
                                                    }
                                                }
                                            }
                                        }
                                    }
                                }
                            }
                        },
                        "trainer_advance": {
                            "total": 0.9967131000000276,
                            "count": 1233,
                            "self": 0.04993910000003687,
                            "children": {
                                "process_trajectory": {
                                    "total": 0.9467739999999907,
                                    "count": 1233,
                                    "self": 0.9467739999999907
                                }
                            }
                        }
                    }
                },