{"count":1,"self":505.83121919999996,"total":3037.3304024999998,"children":{"InitializeActuators":{"count":1,"self":0.0019939,"total":0.0019939,"children":null},"InitializeSensors":{"count":1,"self":0.0030001999999999997,"total":0.0030001999999999997,"children":null},"AgentSendState":{"count":1300851,"self":10.531200799999999,"total":119.1222913,"children":{"CollectObservations":{"count":260171,"self":0.6318804,"total":0.6318804,"children":null},"WriteActionMask":{"count":260171,"self":0.1399541,"total":0.1399541,"children":null},"RequestDecision":{"count":260171,"self":1.5337153,"total":107.8192559,"children":{"AgentInfo.ToProto":{"count":260171,"self":1.6745124,"total":106.28554059999999,"children":{"GenerateSensorData":{"count":260171,"self":103.9456448,"total":104.61102819999999,"children":{"RayPerceptionSensor.Perceive":{"count":260171,"self":0.66538089999999994,"total":0.66538089999999994,"children":null}}}}}}}}},"DecideAction":{"count":1300851,"self":2404.4312575999998,"total":2404.4313128,"children":null},"AgentAct":{"count":1300851,"self":7.1762951999999993,"total":7.1792982,"children":{"AgentInfo.ToProto":{"count":5,"self":0,"total":0.003003,"children":{"GenerateSensorData":{"count":5,"self":0.003003,"total":0.003003,"children":{"RayPerceptionSensor.Perceive":{"count":5,"self":0,"total":0,"children":null}}}}}}},"AgentInfo.ToProto":{"count":1962,"self":0.010983099999999999,"total":0.76033739999999994,"children":{"GenerateSensorData":{"count":1962,"self":0.7453514,"total":0.74935429999999992,"children":{"RayPerceptionSensor.Perceive":{"count":1962,"self":0.0040029,"total":0.0040029,"children":null}}}}}},"gauges":{"BoatAgent.CumulativeReward":{"count":1967,"max":16.06,"min":-1424.86646,"runningAverage":14.083209,"value":15.3,"weightedAverage":15.3452053}},"metadata":{"timer_format_version":"0.1.0","start_time_seconds":"1663420592","unity_version":"2020.3.23f1","command_line_arguments":"D:\\Program_Files\\UnityEditor\\2020.3.23f1\\Editor\\Unity.exe -projectpath D:\\Projects\\UnityML\\MLAgent -useHub -hubIPC -cloudEnvironment production -licensingIpc LicenseClient-khule -hubSessionId 91d113d0-3652-11ed-a0dd-f367ed0160be -accessToken 82tsrB-SCTnvQIPS81ACFo7KvnPVATvFLz6q8VstiYk00cf","communication_protocol_version":"1.5.0","com.unity.ml-agents_version":"2.3.0-exp.2","scene_name":"WhaleDemo","end_time_seconds":"1663423627"}}